,Name,Party,Constituency
0,Diane Abbott,Independent,Hackney North and Stoke Newington
1,Jack Abbott,Labour/Co-operative,Ipswich
2,Debbie Abrahams,Labour,Oldham East and Saddleworth
3,Shockat Adam,Independent,Leicester South
4,Zubir Ahmed,Labour,Glasgow South West
5,Luke Akehurst,Labour,North Durham
6,Sadik Al-Hassan,Labour,North Somerset
7,Bayo Alaba,Labour,Southend East and Rochford
8,Dan Aldridge,Labour,Weston-super-Mare
9,Douglas Alexander,Labour/Co-operative,Lothian East
10,Heidi Alexander,Labour,Swindon South
11,Rushanara Ali,Labour,Bethnal Green and Stepney
12,Tahir Ali,Labour,Birmingham Hall Green and Moseley
13,Rosena Allin-Khan,Labour,Tooting
14,Jim Allister,Traditional Unionist Voice,North Antrim
15,Gideon Amos,Liberal Democrat,Taunton and Wellington
16,Callum Anderson,Labour,Buckingham and Bletchley
17,Fleur Anderson,Labour,Putney
18,Lee Anderson,Reform UK,Ashfield
19,Stuart Anderson,Conservative,South Shropshire
20,Stuart Andrew,Conservative,Daventry
21,Tonia Antoniazzi,Labour,Gower
22,Steffan Aquarone,Liberal Democrat,North Norfolk
23,Edward Argar,Conservative,Melton and Syston
24,Scott Arthur,Labour,Edinburgh South West
25,Jessica Asato,Labour,Lowestoft
26,James Asser,Labour,West Ham and Beckton
27,Jas Athwal,Labour,Ilford South
28,Victoria Atkins,Conservative,Louth and Horncastle
29,Catherine Atkinson,Labour,Derby North
30,Lewis Atkinson,Labour,Sunderland Central
31,Josh Babarinde,Liberal Democrat,Eastbourne
32,Gareth Bacon,Conservative,Orpington
33,Kemi Badenoch,Conservative,North West Essex
34,Calvin Bailey,Labour,Leyton and Wanstead
35,Olivia Bailey,Labour,Reading West and Mid Berkshire
36,David Baines,Labour,St Helens North
37,Alex Baker,Labour,Aldershot
38,Richard Baker,Labour,Glenrothes and Mid Fife
39,Harriett Baldwin,Conservative,West Worcestershire
40,Alex Ballinger,Labour,Halesowen
41,Antonia Bance,Labour,Tipton and Wednesbury
42,Steve Barclay,Conservative,North East Cambridgeshire
43,Paula Barker,Labour,Liverpool Wavertree
44,Lee Barron,Labour,Corby and East Northamptonshire
45,Alex Barros-Curtis,Labour,Cardiff West
46,Johanna Baxter,Labour,Paisley and Renfrewshire South
47,Danny Beales,Labour,Uxbridge and South Ruislip
48,Lorraine Beavers,Labour,Blackpool North and Fleetwood
49,Peter Bedford,Conservative,Mid Leicestershire
50,Órfhlaith Begley,Sinn Féin,West Tyrone
51,Apsana Begum,Labour,Poplar and Limehouse
52,Torsten Bell,Labour,Swansea West
53,Hilary Benn,Labour,Leeds South
54,Alison Bennett,Liberal Democrat,Mid Sussex
55,Siân Berry,Green,Brighton Pavilion
56,Clive Betts,Labour,Sheffield South East
57,Saqib Bhatti,Conservative,Meriden and Solihull East
58,Polly Billington,Labour,East Thanet
59,Matt Bishop,Labour,Forest of Dean
60,Bob Blackman,Conservative,Harrow East
61,Kirsty Blackman,Scottish National Party,Aberdeen North
62,Olivia Blake,Labour,Sheffield Hallam
63,Rachel Blake,Labour/Co-operative,Cities of London and Westminster
64,Christopher Bloore,Labour,Redditch
65,Elsie Blundell,Labour,Heywood and Middleton North
66,Kevin Bonavia,Labour,Stevenage
67,Sarah Bool,Conservative,South Northamptonshire
68,Jade Botterill,Labour,Ossett and Denby Dale
69,Andrew Bowie,Conservative,West Aberdeenshire and Kincardine
70,Sureena Brackenridge,Labour,Wolverhampton North East
71,Karen Bradley,Conservative,Staffordshire Moorlands
72,Aphra Brandreth,Conservative,Chester South and Eddisbury
73,Jonathan Brash,Labour,Hartlepool
74,Suella Braverman,Conservative,Fareham and Waterlooville
75,Alex Brewer,Liberal Democrat,North East Hampshire
76,Phil Brickell,Labour,Bolton West
77,Jessica Brown-Fuller,Liberal Democrat,Chichester
78,Chris Bryant,Labour,Rhondda and Ogmore
79,Julia Buckley,Labour,Shrewsbury
80,Alex Burghart,Conservative,Brentwood and Ongar
81,Richard Burgon,Labour,Leeds East
82,Maureen Burke,Labour,Glasgow North East
83,David Burton-Sampson,Labour,Southend West and Leigh
84,Dawn Butler,Labour,Brent East
85,Ian Byrne,Labour,Liverpool West Derby
86,Liam Byrne,Labour,Birmingham Hodge Hill and Solihull North
87,Ruth Cadbury,Labour,Brentford and Isleworth
88,Nesil Caliskan,Labour,Barking
89,Alan Campbell,Labour,Tynemouth
90,Gregory Campbell,DUP,East Londonderry
91,Irene Campbell,Labour,North Ayrshire and Arran
92,Juliet Campbell,Labour,Broxtowe
93,Markus Campbell-Savours,Labour,Penrith and Solway
94,Charlotte Cane,Liberal Democrat,Ely and East Cambridgeshire
95,Dan Carden,Labour,Liverpool Walton
96,Sam Carling,Labour,North West Cambridgeshire
97,Alistair Carmichael,Liberal Democrat,Orkney and Shetland
98,Alistair Carns,Labour,Birmingham Selly Oak
99,James Cartlidge,Conservative,South Suffolk
100,David Chadwick,Liberal Democrat,"Brecon, Radnor and Cwm Tawe"
101,Wendy Chamberlain,Liberal Democrat,North East Fife
102,Danny Chambers,Liberal Democrat,Winchester
103,Sarah Champion,Labour,Rotherham
104,Bambos Charalambous,Labour,Southgate and Wood Green
105,Luke Charters,Labour,York Outer
106,Christopher Chope,Conservative,Christchurch
107,Ellie Chowns,Green,North Herefordshire
108,Feryal Clark,Labour,Enfield North
109,James Cleverly,Conservative,Braintree
110,Geoffrey Clifton-Brown,Conservative,North Cotswolds
111,Lewis Cocking,Conservative,Broxbourne
112,Chris Coghlan,Liberal Democrat,Dorking and Horley
113,Ben Coleman,Labour,Chelsea and Fulham
114,Jacob Collier,Labour,Burton and Uttoxeter
115,Lizzi Collinge,Labour,Morecambe and Lunesdale
116,Tom Collins,Labour,Worcester
117,Victoria Collins,Liberal Democrat,Harpenden and Berkhamsted
118,Liam Conlon,Labour,Beckenham and Penge
119,Sarah Coombes,Labour,West Bromwich
120,Andrew Cooper,Labour,Mid Cheshire
121,Beccy Cooper,Labour,Worthing West
122,Daisy Cooper,Liberal Democrat,St Albans
123,John Cooper,Conservative,Dumfries and Galloway
124,Yvette Cooper,Labour,"Pontefract, Castleford and Knottingley"
125,Jeremy Corbyn,Independent,Islington North
126,Alberto Costa,Conservative,South Leicestershire
127,Deirdre Costigan,Labour,Ealing Southall
128,Claire Coutinho,Conservative,East Surrey
129,Geoffrey Cox,Conservative,Torridge and Tavistock
130,Pam Cox,Labour,Colchester
131,Neil Coyle,Labour,Bermondsey and Old Southwark
132,Jennifer Craft,Labour,Thurrock
133,Mary Creagh,Labour,Coventry East
134,Stella Creasy,Labour/Co-operative,Walthamstow
135,Torcuil Crichton,Labour,Na h-Eileanan an Iar
136,Harriet Cross,Conservative,Gordon and Buchan
137,Pat Cullen,Sinn Féin,Fermanagh and South Tyrone
138,Judith Cummins,Labour,Bradford South
139,Chris Curtis,Labour,Milton Keynes North
140,Janet Daby,Labour,Lewisham East
141,Nicholas Dakin,Labour,Scunthorpe
142,Ashley Dalton,Labour,West Lancashire
143,Adam Dance,Liberal Democrat,Yeovil
144,Steve Darling,Liberal Democrat,Torbay
145,Emily Darlington,Labour,Milton Keynes Central
146,Edward Davey,Liberal Democrat,Kingston and Surbiton
147,Ann Davies,Plaid Cymru,Caerfyrddin
148,Gareth Davies,Conservative,Grantham and Bourne
149,Jonathan Davies,Labour,Mid Derbyshire
150,Mims Davies,Conservative,East Grinstead and Uckfield
151,Paul Davies,Labour,Colne Valley
152,Shaun Davies,Labour,Telford
153,Alex Davies-Jones,Labour,Pontypridd
154,David Davis,Conservative,Goole and Pocklington
155,Marsha de Cordova,Labour,Battersea
156,Bobby Dean,Liberal Democrat,Carshalton and Wallington
157,Josh Dean,Labour,Hertford and Stortford
158,Kate Dearden,Labour/Co-operative,Halifax
159,Carla Denyer,Green,Bristol Central
160,Charlie Dewhirst,Conservative,Bridlington and The Wolds
161,Tan Dhesi,Labour,Slough
162,Jim Dickson,Labour,Dartford
163,Lee Dillon,Liberal Democrat,Newbury
164,Caroline Dinenage,Conservative,Gosport
165,Anna Dixon,Labour,Shipley
166,Samantha Dixon,Labour,Chester North and Neston
167,Anneliese Dodds,Labour/Co-operative,Oxford East
168,Helena Dollimore,Labour/Co-operative,Hastings and Rye
169,Dave Doogan,Scottish National Party,Angus and Perthshire Glens
170,Stephen Doughty,Labour/Co-operative,Cardiff South and Penarth
171,Peter Dowd,Labour,Bootle
172,Oliver Dowden,Conservative,Hertsmere
173,Graeme Downie,Labour,Dunfermline and Dollar
174,Rosie Duffield,Independent,Canterbury
175,Iain Duncan Smith,Conservative,Chingford and Woodford Green
176,Neil Duncan-Jordan,Independent,Poole
177,Sarah Dyke,Liberal Democrat,Glastonbury and Somerton
178,Angela Eagle,Labour,Wallasey
179,Maria Eagle,Labour,Liverpool Garston
180,Alex Easton,Independent,North Down
181,Colum Eastwood,Social Democratic and Labour Party,Foyle
182,Sorcha Eastwood,Alliance,Lagan Valley
183,Cat Eccles,Labour,Stourbridge
184,Lauren Edwards,Labour,Rochester and Strood
185,Sarah Edwards,Labour,Tamworth
186,Clive Efford,Labour,Eltham and Chislehurst
187,Damien Egan,Labour,Bristol North East
188,Maya Ellis,Labour,Ribble Valley
189,Chris Elmore,Labour,Bridgend
190,Kirith Entwistle,Labour,Bolton North East
191,Florence Eshalomi,Labour/Co-operative,Vauxhall and Camberwell Green
192,Bill Esterson,Labour,Sefton Central
193,Chris Evans,Labour/Co-operative,Caerphilly
194,Luke Evans,Conservative,Hinckley and Bosworth
195,Miatta Fahnbulleh,Labour/Co-operative,Peckham
196,Hamish Falconer,Labour,Lincoln
197,Nigel Farage,Reform UK,Clacton
198,Linsey Farnsworth,Labour,Amber Valley
199,Tim Farron,Liberal Democrat,Westmorland and Lonsdale
200,Josh Fenton-Glynn,Labour,Calder Valley
201,Mark Ferguson,Labour,Gateshead Central and Whickham
202,Patricia Ferguson,Labour,Glasgow West
203,John Finucane,Sinn Féin,Belfast North
204,Natalie Fleet,Labour,Bolsover
205,Stephen Flynn,Scottish National Party,Aberdeen South
206,Emma Foody,Labour/Co-operative,Cramlington and Killingworth
207,Catherine Fookes,Labour,Monmouthshire
208,Richard Foord,Liberal Democrat,Honiton and Sidmouth
209,Will Forster,Liberal Democrat,Woking
210,Peter Fortune,Conservative,Bromley and Biggin Hill
211,Paul Foster,Labour,South Ribble
212,Ashley Fox,Conservative,Bridgwater
213,Vicky Foxcroft,Labour,Lewisham North
214,Mary Foy,Labour,City of Durham
215,Daniel Francis,Labour,Bexleyheath and Crayford
216,Mark Francois,Conservative,Rayleigh and Wickford
217,Zöe Franklin,Liberal Democrat,Guildford
218,George Freeman,Conservative,Mid Norfolk
219,Louie French,Conservative,Old Bexley and Sidcup
220,James Frith,Labour,Bury North
221,Richard Fuller,Conservative,North Bedfordshire
222,Gill Furniss,Labour,Sheffield Brightside and Hillsborough
223,Roger Gale,Conservative,Herne Bay and Sandwich
224,Barry Gardiner,Labour,Brent West
225,Allison Gardner,Labour,Stoke-on-Trent South
226,Mark Garnier,Conservative,Wyre Forest
227,Anna Gelderd,Labour,South East Cornwall
228,Alan Gemmell,Labour,Central Ayrshire
229,Andrew George,Liberal Democrat,St Ives
230,Gill German,Labour,Clwyd North
231,Stephen Gethins,Scottish National Party,Arbroath and Broughty Ferry
232,Nusrat Ghani,Conservative,Sussex Weald
233,Sarah Gibson,Liberal Democrat,Chippenham
234,Tracy Gilbert,Labour,Edinburgh North and Leith
235,Preet Kaur Gill,Labour/Co-operative,Birmingham Edgbaston
236,Rachel Gilmour,Liberal Democrat,Tiverton and Minehead
237,Becky Gittins,Labour,Clwyd East
238,John Glen,Conservative,Salisbury
239,Mary Glindon,Labour,Newcastle upon Tyne East and Wallsend
240,Olly Glover,Liberal Democrat,Didcot and Wantage
241,Marie Goldman,Liberal Democrat,Chelmsford
242,Ben Goldsborough,Labour,South Norfolk
243,Tom Gordon,Liberal Democrat,Harrogate and Knaresborough
244,Jodie Gosling,Labour,Nuneaton
245,Georgia Gould,Labour,Queen's Park and Maida Vale
246,John Grady,Labour,Glasgow East
247,Helen Grant,Conservative,Maidstone and Malling
248,Sarah Green,Liberal Democrat,Chesham and Amersham
249,Lilian Greenwood,Labour,Nottingham South
250,Andrew Griffith,Conservative,Arundel and South Downs
251,Nia Griffith,Labour,Llanelli
252,Alison Griffiths,Conservative,Bognor Regis and Littlehampton
253,Andrew Gwynne,Independent,Gorton and Denton
254,Amanda Hack,Labour,North West Leicestershire
255,Louise Haigh,Labour,Sheffield Heeley
256,Sarah Hall,Labour/Co-operative,Warrington South
257,Fabian Hamilton,Labour,Leeds North East
258,Paulette Hamilton,Labour,Birmingham Erdington
259,Claire Hanna,Social Democratic and Labour Party,Belfast South and Mid Down
260,Monica Harding,Liberal Democrat,Esher and Walton
261,Emma Hardy,Labour,Kingston upon Hull West and Haltemprice
262,Carolyn Harris,Labour,Neath and Swansea East
263,Rebecca Harris,Conservative,Castle Point
264,Lloyd Hatton,Labour,South Dorset
265,Helen Hayes,Labour,Dulwich and West Norwood
266,John Hayes,Conservative,South Holland and The Deepings
267,Tom Hayes,Labour,Bournemouth East
268,Claire Hazelgrove,Labour,Filton and Bradley Stoke
269,Christopher Hazzard,Sinn Féin,South Down
270,John Healey,Labour,Rawmarsh and Conisbrough
271,Mark Hendrick,Labour/Co-operative,Preston
272,Pippa Heylings,Liberal Democrat,South Cambridgeshire
273,Meg Hillier,Labour/Co-operative,Hackney South and Shoreditch
274,Chris Hinchliff,Independent,North East Hertfordshire
275,Jonathan Hinder,Labour,Pendle and Clitheroe
276,Damian Hinds,Conservative,East Hampshire
277,Simon Hoare,Conservative,North Dorset
278,Wera Hobhouse,Liberal Democrat,Bath
279,Sharon Hodgson,Labour,Washington and Gateshead South
280,Richard Holden,Conservative,Basildon and Billericay
281,Kevin Hollinrake,Conservative,Thirsk and Malton
282,Paul Holmes,Conservative,Hamble Valley
283,Rachel Hopkins,Labour,Luton South and South Bedfordshire
284,Lindsay Hoyle,Speaker,Chorley
285,Nigel Huddleston,Conservative,Droitwich and Evesham
286,Neil Hudson,Conservative,Epping Forest
287,Claire Hughes,Labour,Bangor Aberconwy
288,Dáire Hughes,Sinn Féin,Newry and Armagh
289,Alison Hume,Labour,Scarborough and Whitby
290,Jeremy Hunt,Conservative,Godalming and Ash
291,Rupa Huq,Labour,Ealing Central and Acton
292,Patrick Hurley,Labour,Southport
293,Adnan Hussain,Independent,Blackburn
294,Imran Hussain,Labour,Bradford East
295,Leigh Ingham,Labour,Stafford
296,Natasha Irons,Labour,Croydon East
297,Sally Jameson,Labour/Co-operative,Doncaster Central
298,Christine Jardine,Liberal Democrat,Edinburgh West
299,Dan Jarvis,Labour,Barnsley North
300,Liz Jarvis,Liberal Democrat,Eastleigh
301,Bernard Jenkin,Conservative,Harwich and North Essex
302,Robert Jenrick,Conservative,Newark
303,Terry Jermy,Labour,South West Norfolk
304,Adam Jogee,Labour,Newcastle-under-Lyme
305,Caroline Johnson,Conservative,Sleaford and North Hykeham
306,Diana R. Johnson,Labour,Kingston upon Hull North and Cottingham
307,Kim Johnson,Labour,Liverpool Riverside
308,Clive Jones,Liberal Democrat,Wokingham
309,Darren Jones,Labour,Bristol North West
310,Gerald Jones,Labour,Merthyr Tydfil and Aberdare
311,Lillian Jones,Labour,Kilmarnock and Loudoun
312,Louise Jones,Labour,North East Derbyshire
313,Ruth Jones,Labour,Newport West and Islwyn
314,Sarah Jones,Labour,Croydon West
315,Lincoln Jopp,Conservative,Spelthorne
316,Gurinder Josan,Labour,Smethwick
317,Sojan Joseph,Labour,Ashford
318,Warinder Juss,Labour,Wolverhampton West
319,Chris Kane,Labour,Stirling and Strathallan
320,Mike Kane,Labour,Wythenshawe and Sale East
321,Satvir Kaur,Labour,Southampton Test
322,Alicia Kearns,Conservative,Rutland and Stamford
323,Liz Kendall,Labour,Leicester West
324,Afzal Khan,Labour,Manchester Rusholme
325,Ayoub Khan,Independent,Birmingham Perry Barr
326,Naushabah Khan,Labour,Gillingham and Rainham
327,Stephen Kinnock,Labour,Aberafan Maesteg
328,Jayne Kirkham,Labour/Co-operative,Truro and Falmouth
329,Gen Kitchen,Labour,Wellingborough and Rushden
330,Paul Kohler,Liberal Democrat,Wimbledon
331,Danny Kruger,Reform UK,East Wiltshire
332,Sonia Kumar,Labour,Dudley
333,Uma Kumaran,Labour,Stratford and Bow
334,Peter Kyle,Labour,Hove and Portslade
335,Laura Kyrke-Smith,Labour,Aylesbury
336,Ben Lake,Plaid Cymru,Ceredigion Preseli
337,Katie Lam,Conservative,Weald of Kent
338,Peter Lamb,Labour,Crawley
339,David Lammy,Labour,Tottenham
340,John Lamont,Conservative,"Berwickshire, Roxburgh and Selkirk"
341,Ian Lavery,Labour,Blyth and Ashington
342,Chris Law,Scottish National Party,Dundee Central
343,Noah Law,Labour,St Austell and Newquay
344,Kim Leadbeater,Labour,Spen Valley
345,Graham Leadbitter,Scottish National Party,"Moray West, Nairn and Strathspey"
346,Edward Leigh,Conservative,Gainsborough
347,Brian Leishman,Independent,Alloa and Grangemouth
348,Emma Lewell,Labour,South Shields
349,Andrew Lewin,Labour,Welwyn Hatfield
350,Clive Lewis,Labour,Norwich South
351,Julian Lewis,Conservative,New Forest East
352,Simon Lightwood,Labour/Co-operative,Wakefield and Rothwell
353,Carla Lockhart,DUP,Upper Bann
354,Seamus Logan,Scottish National Party,Aberdeenshire North and Moray East
355,Rebecca Long-Bailey,Labour,Salford
356,Julia Lopez,Conservative,Hornchurch and Upminster
357,Rupert Lowe,Independent,Great Yarmouth
358,Josh MacAlister,Labour,Whitehaven and Workington
359,James MacCleary,Liberal Democrat,Lewes
360,Alice Macdonald,Labour/Co-operative,Norwich North
361,Angus MacDonald,Liberal Democrat,"Inverness, Skye and West Ross-shire"
362,Andy MacNae,Labour,Rossendale and Darwen
363,Justin Madders,Labour,Ellesmere Port and Bromborough
364,Ben Maguire,Liberal Democrat,North Cornwall
365,Helen Maguire,Liberal Democrat,Epsom and Ewell
366,Shabana Mahmood,Labour,Birmingham Ladywood
367,Alan Mak,Conservative,Havant
368,Seema Malhotra,Labour/Co-operative,Feltham and Heston
369,Cathal Mallaghan,Sinn Féin,Mid Ulster
370,Kit Malthouse,Conservative,North West Hampshire
371,Amanda Martin,Labour,Portsmouth North
372,Mike Martin,Liberal Democrat,Tunbridge Wells
373,Rachael Maskell,Independent,York Central
374,Paul Maskey,Sinn Féin,Belfast West
375,Keir Mather,Labour,Selby
376,Brian Mathew,Liberal Democrat,Melksham and Devizes
377,Alex Mayer,Labour,Dunstable and Leighton Buzzard
378,Jerome Mayhew,Conservative,Broadland and Fakenham
379,Charlie Maynard,Liberal Democrat,Witney
380,Douglas McAllister,Labour,West Dunbartonshire
381,Kerry McCarthy,Labour,Bristol East
382,Martin McCluskey,Labour,Inverclyde and Renfrewshire West
383,Siobhain McDonagh,Labour,Mitcham and Morden
384,Andy McDonald,Labour,Middlesbrough and Thornaby East
385,Chris McDonald,Labour,Stockton North
386,John Martin McDonnell,Labour,Hayes and Harlington
387,Blair McDougall,Labour,East Renfrewshire
388,Lola McEvoy,Labour,Darlington
389,Pat McFadden,Labour,Wolverhampton South East
390,Alison McGovern,Labour,Birkenhead
391,Alex McIntyre,Labour,Gloucester
392,Gordon McKee,Labour,Glasgow South
393,Kevin McKenna,Labour,Sittingbourne and Sheppey
394,Catherine McKinnell,Labour,Newcastle upon Tyne North
395,Jim McMahon,Labour/Co-operative,"Oldham West, Chadderton and Royton"
396,Anna McMorrin,Labour,Cardiff North
397,James McMurdock,Independent,South Basildon and East Thurrock
398,Frank McNally,Labour,Coatbridge and Bellshill
399,Kirsty McNeill,Labour/Co-operative,Midlothian
400,Esther McVey,Conservative,Tatton
401,Llinos Medi,Plaid Cymru,Ynys Môn
402,Anneliese Midgley,Labour,Knowsley
403,Ed Miliband,Labour,Doncaster North
404,Calum Miller,Liberal Democrat,Bicester and Woodstock
405,John Milne,Liberal Democrat,Horsham
406,Julie Minns,Labour,Carlisle
407,Navendu Mishra,Labour,Stockport
408,Andrew Mitchell,Conservative,Sutton Coldfield
409,Abtisam Mohamed,Labour,Sheffield Central
410,Iqbal Mohamed,Independent,Dewsbury and Batley
411,Gagan Mohindra,Conservative,South West Hertfordshire
412,Perran Moon,Labour,Camborne and Redruth
413,Robbie Moore,Conservative,Keighley and Ilkley
414,Layla Moran,Liberal Democrat,Oxford West and Abingdon
415,Jessica Morden,Labour,Newport East
416,Edward Morello,Liberal Democrat,West Dorset
417,Helen Morgan,Liberal Democrat,North Shropshire
418,Stephen Morgan,Labour,Portsmouth South
419,Grahame Morris,Labour,Easington
420,Joe Morris,Labour,Hexham
421,Tom Morrison,Liberal Democrat,Cheadle
422,Joy Morrissey,Conservative,Beaconsfield
423,Wendy Morton,Conservative,Aldridge-Brownhills
424,Kieran Mullan,Conservative,Bexhill and Battle
425,Margaret Mullane,Labour,Dagenham and Rainham
426,David Mundell,Conservative,"Dumfriesshire, Clydesdale and Tweeddale"
427,Tessa Munt,Liberal Democrat,Wells and Mendip Hills
428,Luke Murphy,Labour,Basingstoke
429,Chris Murray,Labour,Edinburgh East and Musselburgh
430,Ian Murray,Labour,Edinburgh South
431,James Murray,Labour/Co-operative,Ealing North
432,Katrina Murray,Labour,Cumbernauld and Kirkintilloch
433,Susan Murray,Liberal Democrat,Mid Dunbartonshire
434,Andrew Murrison,Conservative,South West Wiltshire
435,Luke Myer,Labour,Middlesbrough South and East Cleveland
436,James Naish,Labour,Rushcliffe
437,Connor Naismith,Labour,Crewe and Nantwich
438,Lisa Nandy,Labour,Wigan
439,Kanishka Narayan,Labour,Vale of Glamorgan
440,Pamela Nash,Labour,"Motherwell, Wishaw and Carluke"
441,Josh Newbury,Labour,Cannock Chase
442,Samantha Niblett,Labour,South Derbyshire
443,Charlotte Nichols,Labour,Warrington North
444,Caroline Nokes,Conservative,Romsey and Southampton North
445,Jesse Norman,Conservative,Hereford and South Herefordshire
446,Alex Norris,Labour/Co-operative,Nottingham North and Kimberley
447,Dan Norris,Independent,North East Somerset and Hanham
448,Neil O'Brien,Conservative,"Harborough, Oadby and Wigston"
449,Brendan O'Hara,Scottish National Party,"Argyll, Bute and South Lochaber"
450,Ben Obese-Jecty,Conservative,Huntingdon
451,Sarah Olney,Liberal Democrat,Richmond Park
452,Melanie Onn,Labour,Great Grimsby and Cleethorpes
453,Chi Onwurah,Labour,Newcastle upon Tyne Central and West
454,Simon Opher,Labour,Stroud
455,Abena Oppong-Asare,Labour,Erith and Thamesmead
456,Kate Osamor,Labour/Co-operative,Edmonton and Winchmore Hill
457,Kate Osborne,Labour,Jarrow and Gateshead East
458,Tristan Osborne,Labour,Chatham and Aylesford
459,Taiwo Owatemi,Labour,Coventry North West
460,Sarah Owen,Labour,Luton North
461,Darren Paffey,Labour,Southampton Itchen
462,Andrew Pakes,Labour/Co-operative,Peterborough
463,Priti Patel,Conservative,Witham
464,Matthew Patrick,Labour,Wirral West
465,Rebecca Paul,Conservative,Reigate
466,Michael Payne,Labour,Gedling
467,Stephanie Peacock,Labour,Barnsley South
468,Jonathan Pearce,Labour,High Peak
469,Matthew Pennycook,Labour,Greenwich and Woolwich
470,Toby Perkins,Labour,Chesterfield
471,Manuela Perteghella,Liberal Democrat,Stratford-on-Avon
472,Jess Phillips,Labour,Birmingham Yardley
473,Bridget Phillipson,Labour,Houghton and Sunderland South
474,Chris Philp,Conservative,Croydon South
475,Al Pinkerton,Liberal Democrat,Surrey Heath
476,David Pinto-Duschinsky,Labour,Hendon
477,Lee Pitcher,Labour,Doncaster East and the Isle of Axholme
478,Jo Platt,Labour/Co-operative,Leigh and Atherton
479,Sarah Pochin,Reform UK,Runcorn and Helsby
480,Luke Pollard,Labour/Co-operative,Plymouth Sutton and Devonport
481,Joe Powell,Labour,Kensington and Bayswater
482,Lucy Powell,Labour/Co-operative,Manchester Central
483,Gregor Poynton,Labour,Livingston
484,Peter Prinsley,Labour,Bury St Edmunds and Stowmarket
485,Mark Pritchard,Conservative,The Wrekin
486,Richard Quigley,Labour,Isle of Wight West
487,Yasmin Qureshi,Labour,Bolton South and Walkden
488,Steve Race,Labour,Exeter
489,Shivani Raja,Conservative,Leicester East
490,Adrian Ramsay,Green,Waveney Valley
491,Connor Rand,Labour,Altrincham and Sale West
492,Andrew Ranger,Labour,Wrexham
493,Jack Rankin,Conservative,Windsor
494,Angela Rayner,Labour,Ashton-under-Lyne
495,Mike Reader,Labour,Northampton South
496,David Reed,Conservative,Exmouth and Exeter East
497,Steve Reed,Labour/Co-operative,Streatham and Croydon North
498,Ellie Reeves,Labour,Lewisham West and East Dulwich
499,Rachel Reeves,Labour,Leeds West and Pudsey
500,Joani Reid,Labour,East Kilbride and Strathaven
501,Emma Reynolds,Labour,Wycombe
502,Jonathan Reynolds,Labour/Co-operative,Stalybridge and Hyde
503,Joshua Reynolds,Liberal Democrat,Maidenhead
504,Martin Rhodes,Labour,Glasgow North
505,Bell Ribeiro-Addy,Labour,Clapham and Brixton Hill
506,Jake Richards,Labour,Rother Valley
507,Jenny Riddell-Carpenter,Labour,Suffolk Coastal
508,Lucy Rigby,Labour,Northampton North
509,Marie Rimmer,Labour,St Helens South and Whiston
510,Dave Robertson,Labour,Lichfield
511,Joe Robertson,Conservative,Isle of Wight East
512,Gavin Robinson,DUP,Belfast East
513,Tim Roca,Labour,Macclesfield
514,Matt Rodda,Labour,Reading Central
515,Ian Roome,Liberal Democrat,North Devon
516,Andrew Rosindell,Conservative,Romford
517,Sam Rushworth,Labour,Bishop Auckland
518,Sarah Russell,Labour,Congleton
519,Tom Rutland,Labour,East Worthing and Shoreham
520,Oliver Ryan,Independent,Burnley
521,Anna Sabine,Liberal Democrat,Frome and East Somerset
522,Sarah Sackman,Labour,Finchley and Golders Green
523,Jeevun Sandher,Labour,Loughborough
524,Roz Savage,Liberal Democrat,South Cotswolds
525,Liz Saville-Roberts,Plaid Cymru,Dwyfor Meirionnydd
526,Michelle Scrogham,Labour,Barrow and Furness
527,Mark Sewards,Labour,Leeds South West and Morley
528,Naseem Shah,Labour,Bradford West
529,Baggy Shanker,Labour/Co-operative,Derby South
530,Michael Shanks,Labour,Rutherglen
531,Jim Shannon,DUP,Strangford
532,Neil Shastri-Hurst,Conservative,Solihull West and Shirley
533,Alec Shelbrooke,Conservative,Wetherby and Easingwold
534,Tulip Siddiq,Labour,Hampstead and Highgate
535,David Simmonds,Conservative,"Ruislip, Northwood and Pinner"
536,Josh Simons,Labour,Makerfield
537,Vikki Slade,Liberal Democrat,Mid Dorset and North Poole
538,Andrew Slaughter,Labour,Hammersmith and Chiswick
539,John Slinger,Labour,Rugby
540,Lisa Smart,Liberal Democrat,Hazel Grove
541,Cat Smith,Labour,Lancaster and Wyre
542,David Smith,Labour,North Northumberland
543,Greg Smith,Conservative,Mid Buckinghamshire
544,Jeff Smith,Labour,Manchester Withington
545,Julian Smith,Conservative,Skipton and Ripon
546,Nick Smith,Labour,Blaenau Gwent and Rhymney
547,Rebecca Smith,Conservative,South West Devon
548,Sarah Smith,Labour,Hyndburn
549,Karin Smyth,Labour,Bristol South
550,Gareth Snell,Labour/Co-operative,Stoke-on-Trent Central
551,Andrew Snowden,Conservative,Fylde
552,Alex Sobel,Labour/Co-operative,Leeds Central and Headingley
553,Ian Sollom,Liberal Democrat,St Neots and Mid Cambridgeshire
554,Ben Spencer,Conservative,Runnymede and Weybridge
555,Patrick Spencer,Independent,Central Suffolk and North Ipswich
556,Gregory Stafford,Conservative,Farnham and Bordon
557,Euan Stainbank,Labour,Falkirk
558,Keir Starmer,Labour,Holborn and St Pancras
559,Blake Stephenson,Conservative,Mid Bedfordshire
560,Jo Stevens,Labour,Cardiff East
561,Kenneth Stevenson,Labour,Airdrie and Shotts
562,Elaine Stewart,Labour,"Ayr, Carrick and Cumnock"
563,Jamie Stone,Liberal Democrat,"Caithness, Sutherland and Easter Ross"
564,Will Stone,Labour,Swindon North
565,Alistair Strathern,Labour,Hitchin
566,Wes Streeting,Labour,Ilford North
567,Alan Strickland,Labour,Newton Aycliffe and Spennymoor
568,Mel Stride,Conservative,Central Devon
569,Graham Stringer,Labour,Blackley and Middleton South
570,Graham Stuart,Conservative,Beverley and Holderness
571,Kirsteen Sullivan,Labour/Co-operative,Bathgate and Linlithgow
572,Lauren Sullivan,Labour,Gravesham
573,Zarah Sultana,Independent,Coventry South
574,Rishi Sunak,Conservative,Richmond and Northallerton
575,Peter Swallow,Labour,Bracknell
576,Robin Swann,UUP,South Antrim
577,Desmond Swayne,Conservative,New Forest West
578,Mark Tami,Labour,Alyn and Deeside
579,Mike Tapp,Labour,Dover and Deal
580,Alison Taylor,Labour,Paisley and Renfrewshire North
581,David Taylor,Labour,Hemel Hempstead
582,Luke Taylor,Liberal Democrat,Sutton and Cheam
583,Rachel Taylor,Labour,North Warwickshire and Bedworth
584,Bradley Thomas,Conservative,Bromsgrove
585,Cameron Thomas,Liberal Democrat,Tewkesbury
586,Fred Thomas,Labour,Plymouth Moor View
587,Gareth Thomas,Labour/Co-operative,Harrow West
588,Nick Thomas-Symonds,Labour,Torfaen
589,Adam Thompson,Labour,Erewash
590,Emily Thornberry,Labour,Islington South and Finsbury
591,Richard Tice,Reform UK,Boston and Skegness
592,Marie Tidball,Labour,Penistone and Stocksbridge
593,Stephen Timms,Labour,East Ham
594,Nick Timothy,Conservative,West Suffolk
595,Jessica Toale,Labour,Bournemouth West
596,Dan Tomlinson,Labour,Chipping Barnet
597,Jon Trickett,Labour,Normanton and Hemsworth
598,Laura Trott,Conservative,Sevenoaks
599,Henry Tufnell,Labour,Mid and South Pembrokeshire
600,Thomas Tugendhat,Conservative,Tonbridge
601,Anna Turley,Labour/Co-operative,Redcar
602,Matt Turmaine,Labour,Watford
603,Karl Turner,Labour,Kingston upon Hull East
604,Laurence Turner,Labour,Birmingham Northfield
605,Derek Twigg,Labour,Widnes and Halewood
606,Liz Twist,Labour,Blaydon and Consett
607,Harpreet Uppal,Labour,Huddersfield
608,Freddie Van Mierlo,Liberal Democrat,Henley and Thame
609,Tony Vaughan,Labour,Folkestone and Hythe
610,Valerie Vaz,Labour,Walsall and Bloxwich
611,Martin Vickers,Conservative,Brigg and Immingham
612,Matt Vickers,Conservative,Stockton West
613,Christopher Vince,Labour/Co-operative,Harlow
614,Caroline Voaden,Liberal Democrat,South Devon
615,Christian Wakeford,Labour,Bury South
616,Imogen Walker,Labour,Hamilton and Clyde Valley
617,Chris Ward,Labour,Brighton Kemptown and Peacehaven
618,Melanie Ward,Labour,Cowdenbeath and Kirkcaldy
619,Paul Waugh,Labour/Co-operative,Rochdale
620,Chris Webb,Labour,Blackpool South
621,Michelle Welsh,Labour,Sherwood Forest
622,Catherine West,Labour,Hornsey and Friern Barnet
623,Andrew Western,Labour,Stretford and Urmston
624,Matt Western,Labour,Warwick and Leamington
625,Helen Whately,Conservative,Faversham and Mid Kent
626,Michael Wheeler,Labour,Worsley and Eccles
627,John Whitby,Labour,Derbyshire Dales
628,Jo White,Labour,Bassetlaw
629,Katie White,Labour,Leeds North West
630,John Whittingdale,Conservative,Maldon
631,Nadia Whittome,Labour,Nottingham East
632,James Wild,Conservative,North West Norfolk
633,Max Wilkinson,Liberal Democrat,Cheltenham
634,David Williams,Labour,Stoke-on-Trent North
635,Gavin Williamson,Conservative,"Stone, Great Wyrley and Penkridge"
636,Munira Wilson,Liberal Democrat,Twickenham
637,Sammy Wilson,DUP,East Antrim
638,Pete Wishart,Scottish National Party,Perth and Kinross-shire
639,Steve Witherden,Labour,Montgomeryshire and Glyndŵr
640,Mike Wood,Conservative,Kingswinford and South Staffordshire
641,Sean Woodcock,Labour,Banbury
642,Jeremy Wright,Conservative,Kenilworth and Southam
643,Rosie Wrighting,Labour,Kettering
644,Martin Wrigley,Liberal Democrat,Newton Abbot
645,Yuan Yang,Labour,Earley and Woodley
646,Mohammad Yasin,Labour,Bedford
647,Steve Yemm,Labour,Mansfield
648,Claire Young,Liberal Democrat,Thornbury and Yate
649,Daniel Zeichner,Labour,Cambridge
